	id	ltable_id	rtable_id	ltable_movie_title	ltable_year	rtable_movie_title	rtable_year	gold_label
0	33	3476.0	571847.0	prison break	2005	prison break	2008.0	1
1	34	2365.0	828790.0	las vegas	 1963	viva las vegas	1964.0	0
2	40	307.0	53603.0	an american tail: fievel goes west	1991	an american tail: fievel goes west	1991.0	1
3	42	2634.0	527545.0	once upon a wheel	1971	once upon a scoundrel	1974.0	0
4	73	4723.0	700054.0	the boys are back	2009	the boys are back	2009.0	1
5	95	5055.0	778540.0	here i am	2011	there i am	2011.0	0
6	111	3714.0	498542.0	narco	2004	narco	2004.0	1
7	114	5690.0	839179.0	welcome to the 80s	2009	welcome to the majority	2013.0	0
8	116	3244.0	839179.0	welcome to the 80s	2009	welcome to the majority	2013.0	0
9	117	174.0	839179.0	welcome to the 80s	2009	welcome to the majority	2013.0	0
10	118	2251.0	839179.0	welcome to the 80s	2009	welcome to the majority	2013.0	0
11	126	4565.0	839179.0	welcome to the 80s	2009	welcome to the majority	2013.0	0
12	127	2038.0	839179.0	welcome to the 80s	2009	welcome to the majority	2013.0	0
13	128	4088.0	839179.0	welcome to the 80s	2009	welcome to the majority	2013.0	0
14	139	935.0	827245.0	vinyl	 2000	vinyl	2000.0	1
15	150	4047.0	372363.0	kick-ass	2010	kick-ass 2	2013.0	0
16	162	1816.0	78112.0	riris back to work	2016	back to work	2013.0	0
17	172	2906.0	855979.0	xuxa requebra	1999	xuxa requebra	1999.0	1
18	215	1559.0	542717.0	panther	1995	panther	1999.0	1
19	222	4630.0	712566.0	this is the end	2013	the end	2016.0	0
20	225	3887.0	754865.0	the deal	 2006	the reel deal	2002.0	0
21	231	3850.0	510994.0	nobody	2012	nobody	2007.0	0
22	234	5660.0	756157.0	the wedding ringer	2015	the ringer	2013.0	0
23	308	4671.0	839154.0	welcome to the dollhouse	1995	welcome to the dollhouse	1995.0	1
24	309	1759.0	839154.0	welcome to the dollhouse	1995	welcome to the dollhouse	1995.0	1
25	312	584.0	459251.0	married life	2007	married life	2007.0	1
26	321	4615.0	860761.0	you dont know jack	2010	you don't know jack	2006.0	1
27	387	2803.0	720974.0	the hardy girls	 1970	the girls	1968.0	0
28	426	6144.0	718195.0	the forger	2012	the forger	2012.0	1
29	427	1215.0	718195.0	the forger	2012	the forger	2012.0	1
30	442	6869.0	819378.0	vacation	2015	vacation	2012.0	0
31	447	2664.0	373755.0	killing bono	2011	killing bono	2011.0	1
32	470	5462.0	721809.0	the girl	2012	the good girl	2011.0	0
33	478	6235.0	737099.0	the look of love	2013	the love	2016.0	0
34	481	944.0	49344.0	alvin and the chipmunks	2007	alvin and the chipmunks easter collection	2012.0	0
35	495	5722.0	106229.0	bones	2005	bones	2001.0	0
36	496	5730.0	106229.0	bones	2005	bones	2001.0	0
37	510	4316.0	711942.0	the dream	2014	the dream role	2011.0	0
38	515	6077.0	631917.0	shelter	2014	shangku shelter	2017.0	0
39	530	3359.0	701020.0	the buddy holly story	1978	the buddy holly story	1978.0	1
40	534	6148.0	256575.0	four jills in a jeep	1944	four jills in a jeep	1944.0	1
41	538	1257.0	780446.0	this is it	2009	this is it	2009.0	1
42	552	47.0	288715.0	year of the dog	2007	hair of the dog	2008.0	0
43	555	2987.0	397695.0	la linea	2009	la linea	2009.0	1
44	574	4745.0	722609.0	the great everything & the nothing	2016	the great everything & the nothing	2016.0	1
45	606	3632.0	251022.0	flight	 1972	flight	1967.0	0
46	622	5462.0	745191.0	the girl	2012	the night girl	2016.0	0
47	643	2.0	723943.0	the warriors	 1979	the gypsy warriors	1978.0	0
48	685	1168.0	616903.0	saturday night live	 2009	saturday night thing	2014.0	0
49	691	5504.0	616903.0	saturday night live	 2009	saturday night thing	2014.0	0
50	712	5890.0	187319.0	diary	 1994	diary	1998.0	0
51	729	5747.0	536408.0	shes out of control	1989	out of control	1992.0	0
52	730	4302.0	536408.0	shes out of control	1989	out of control	1992.0	0
53	731	3320.0	536408.0	shes out of control	1989	out of control	1992.0	0
54	737	3132.0	458298.0	woman in the mirror	2013	marie in the mirror	2010.0	0
55	745	1501.0	803900.0	one night stand	2010	two night stand	2005.0	0
56	750	7102.0	537630.0	somewhere over the rainbow	2014	over the rainbow	2015.0	0
57	758	2026.0	854181.0	wrong side of town	2010	wrong side of the bus	2009.0	0
58	776	1592.0	708979.0	the singing detective	2003	the dead detective	2008.0	0
59	782	874.0	708979.0	the singing detective	2003	the dead detective	2008.0	0
60	822	7074.0	499501.0	nativity 2: danger in the manger!	2012	nativity 2: danger in the manger!	2012.0	1
61	832	1351.0	331908.0	imitation life	2008	imitation	2007.0	0
62	867	5879.0	840841.0	what happens in vegas	2008	what happens in vegas	2008.0	1
63	868	383.0	840841.0	what happens in vegas	2008	what happens in vegas	2008.0	1
64	876	5870.0	419292.0	legend	2015	legend	2013.0	0
65	885	6603.0	674279.0	surviving christmas	2004	surviving christmas	2004.0	1
66	897	371.0	93229.0	beware the gonzo	2010	beware the gonzo	2010.0	1
67	918	5376.0	692499.0	the butcher	2013	the alabama butcher	2016.0	0
68	921	6313.0	94733.0	friends	1994	bi friends	1996.0	0
69	943	573.0	860471.0	you again	2010	you again	2010.0	1
70	969	2588.0	692126.0	the adventures of sebastian cole	1998	the adventures of sebastian cole	1998.0	1
71	972	4906.0	103885.0	bluesland: a portrait in american music	1993	bluesland: a portrait in american music	1993.0	1
72	976	4448.0	737115.0	the box	2009	the love box	2007.0	0
73	979	574.0	690906.0	the x factor	 2009	the 'wow' factor	2011.0	0
74	991	4920.0	690906.0	the x factor	 2008	the 'wow' factor	2011.0	0
75	1009	3276.0	776498.0	the world is just a b movie	1971	the world is just a 'b' movie	1971.0	1
76	1045	6071.0	527636.0	once upon a time	2011	once upon a time in the east	2011.0	1
77	1052	3913.0	204000.0	dreamtime	2002	dreamtime	2006.0	0
78	1069	1966.0	565555.0	porkys ii: the next day	1983	porky's ii: the next day	1983.0	1
79	1081	447.0	173538.0	dead end drive-in	 2003	dead end drive	2007.0	0
80	1085	1281.0	740133.0	the mindy project	2012	the mars project	2008.0	0
81	1086	4398.0	740133.0	the mindy project	 2004	the mars project	2008.0	0
82	1087	6454.0	740133.0	the mindy project	2012	the mars project	2008.0	0
83	1101	799.0	52415.0	waking the dead	 1997	among the dead	1997.0	0
84	1111	5764.0	448918.0	made in chelsea	 2010	made in china	2006.0	0
85	1142	2099.0	29489.0	a walk to beautiful	2007	a walk to beautiful	2007.0	1
86	1147	854.0	736771.0	the lost city	2005	the lost colony	2007.0	0
87	1160	6819.0	760558.0	the shield	2002	the shield	2002.0	1
88	1163	7121.0	760558.0	the shield	2002	the shield	2002.0	1
89	1165	4199.0	760558.0	the shield	2002	the shield	2002.0	1
90	1236	854.0	704269.0	the lost city	2005	the city	2010.0	1
91	1239	6458.0	743035.0	the motel life	2012	the motel	2010.0	0
92	1247	4448.0	694824.0	the box	2009	the aztec box	2013.0	0
93	1248	4496.0	667905.0	strike!	 1965	strike!	1965.0	1
94	1255	600.0	801615.0	tuno negro	2001	tuno negro	2001.0	1
95	1257	17.0	698578.0	the bleeding	2011	the bleeding	2011.0	1
96	1270	5531.0	134007.0	cheaper by the dozen 2	2005	cheaper by the dozen	2003.0	0
97	1273	47.0	858143.0	year of the dog	2007	year of the rat	2011.0	0
98	1292	939.0	108902.0	boy eats girl	2005	boy greets girl	2008.0	0
99	1306	7003.0	740342.0	the master	2012	the master	2012.0	1
100	1331	5197.0	247650.0	finding the funk	2013	finding the funny	2012.0	0
101	1352	3998.0	51107.0	american beauty	1999	american beauty	1999.0	1
102	1354	2856.0	723195.0	the greatest	2009	the greatest victory	2013.0	0
103	1377	4733.0	691153.0	the 40 year old virgin	2005	the 40 year old virgin	2005.0	1
104	1378	425.0	691153.0	the 40 year old virgin	2005	the 40 year old virgin	2005.0	1
105	1385	4316.0	728075.0	the dream	2014	the impossible dream	2017.0	0
106	1394	1360.0	772820.0	the voice uk	2012	the voice box	2010.0	0
107	1404	4681.0	729034.0	the invisible circus	 2005	the invisible	2007.0	0
108	1418	5690.0	839143.0	welcome to the 80s	2009	welcome to the bathtub	2011.0	0
109	1424	1817.0	839143.0	welcome to the 80s	2009	welcome to the bathtub	2011.0	0
110	1426	1894.0	839143.0	welcome to the 80s	2009	welcome to the bathtub	2011.0	0
111	1427	2414.0	839143.0	welcome to the 80s	2009	welcome to the bathtub	2011.0	0
112	1429	5001.0	839143.0	welcome to the 80s	2009	welcome to the bathtub	2011.0	0
113	1457	6190.0	649458.0	so you think you can dance canada	2008	so you think you can prance	2013.0	0
114	1468	2267.0	649458.0	so you think you can dance	 2009	so you think you can prance	2013.0	0
115	1472	4460.0	649458.0	so you think you can dance canada	2008	so you think you can prance	2013.0	0
116	1476	2492.0	649458.0	so you think you can dance	 2009	so you think you can prance	2013.0	0
117	1481	969.0	649458.0	so you think you can dance	 2010	so you think you can prance	2013.0	0
118	1482	3074.0	649458.0	so you think you can dance canada	2008	so you think you can prance	2013.0	0
119	1484	5153.0	649458.0	so you think you can dance	 2009	so you think you can prance	2013.0	0
120	1488	7017.0	649458.0	so you think you can dance canada	2008	so you think you can prance	2013.0	0
121	1519	2067.0	802266.0	tusk	2014	tusk	2014.0	1
122	1520	4876.0	701469.0	the business of being born	2008	the business of being born	2008.0	1
123	1528	5526.0	76361.0	baseketball	1998	baseketball	1998.0	1
124	1535	7258.0	486182.0	mental	2012	mr. mental	2016.0	0
125	1560	1457.0	418901.0	led zeppelin: celebration day	2012	led zeppelin: celebration day	2012.0	1
126	1561	6105.0	418901.0	led zeppelin: celebration day	2012	led zeppelin: celebration day	2012.0	1
127	1605	3348.0	555996.0	pi	1998	pi	1998.0	1
128	1619	7146.0	527656.0	once upon a time	2011	once upon a time...	2006.0	0
129	1630	760.0	812212.0	undercover brother	2002	undercover brother	2002.0	1
130	1650	6877.0	672851.0	super	2010	super power	2013.0	0
131	1661	1019.0	116960.0	burning palms	2010	burning palms	2010.0	1
132	1683	2023.0	311010.0	honey	2003	honey	2000.0	1
133	1702	5467.0	154573.0	county kilburn	2000	county kilburn	2000.0	1
134	1707	5077.0	821411.0	varjoja paratiisissa	1986	varjoja paratiisissa	1986.0	1
135	1709	6877.0	672625.0	super	2010	super	2005.0	0
136	1713	1666.0	222515.0	ellis in glamourland	2004	ellis in glamourland	2004.0	1
137	1714	704.0	222515.0	ellis in glamourland	2004	ellis in glamourland	2004.0	1
138	1717	5809.0	693287.0	the interview	2014	the ann handle interview	2014.0	0
139	1733	590.0	563806.0	pollock	2000	pollock	2000.0	1
140	1742	6595.0	374880.0	king of the cowboys	1943	king of the newsboys	1938.0	0
141	1754	2282.0	676982.0	swooner crooner	1944	swooner crooner	1944.0	1
142	1755	974.0	543491.0	papurika	2006	papurika	2006.0	1
143	1767	3845.0	566876.0	post mortem	1999	post mortem	2001.0	0
144	1768	2499.0	693304.0	the anniversary party	2001	the anniversary party	2001.0	1
145	1783	5867.0	160257.0	cure for love	2008	cure for love	2008.0	1
146	1786	1060.0	514806.0	nouvelle vague	1990	nouvelle vague	1990.0	1
147	1797	2001.0	317498.0	human traffic	 2010	human traffic	2011.0	1
148	1798	6902.0	317498.0	human traffic	 2010	human traffic	2011.0	1
149	1804	5327.0	756820.0	the rocketeer	1991	the rocketeer	1991.0	1
150	1812	6854.0	741325.0	the affair	2014	the midnite affair	2011.0	0
151	1813	4396.0	741325.0	the affair	2014	the midnite affair	2011.0	0
152	1825	1285.0	837461.0	we need to talk about kevin	2011	we need to talk about barbie	2016.0	0
153	1840	2581.0	770116.0	the truth about charlie	2002	the truth about gi joe	2002.0	0
154	1869	5347.0	861832.0	young soul rebels	1991	young rebels	1989.0	0
155	1900	4297.0	349315.0	jam	2000	jam	1999.0	0
156	1910	3919.0	358303.0	joy division	2007	joy division	2007.0	1
157	1929	137.0	492919.0	my name is joe	 1968	my name is oona	1969.0	0
158	1933	6964.0	144796.0	keep the lights on	2012	coal keeps the lights on	2013.0	0
159	1961	1724.0	341408.0	into the wild	2007	into the wake	2012.0	0
160	1962	3103.0	373323.0	kill your darlings	 2005	kill your darling	2007.0	0
161	1975	4895.0	805116.0	u2: under a blood red sky	1983	u2: under a blood red sky	1983.0	1
162	1980	4884.0	747439.0	the way	2010	the other way	2010.0	0
163	1981	2371.0	747439.0	the way	2010	the other way	2010.0	0
164	2039	1707.0	771864.0	valentine	2001	the valentine	2000.0	0
165	2069	1771.0	553780.0	person of interest	2011	persons of interest	2009.0	0
166	2071	57.0	748062.0	the pink panther	2006	the panther	2007.0	0
167	2072	58.0	748062.0	the pink panther	2006	the panther	2007.0	0
168	2082	1214.0	223879.0	empty sky	2011	empty	2008.0	0
169	2092	6187.0	715433.0	the family man	2000	the family web	1998.0	0
170	2124	4663.0	741482.0	the best of me	2014	the might of me	2014.0	0
171	2126	1565.0	599236.0	roadkill	1989	roadkill	1989.0	1
172	2143	3197.0	259908.0	friday night lights	 2007	friday night	2011.0	0
173	2144	3744.0	259908.0	friday night lights	2006	friday night	2011.0	0
174	2147	4820.0	259908.0	friday night lights	2006	friday night	2011.0	0
175	2148	4818.0	259908.0	friday night lights	2006	friday night	2011.0	0
176	2149	2358.0	259908.0	friday night lights	 2009	friday night	2011.0	0
177	2150	828.0	259908.0	friday night lights	2006	friday night	2011.0	0
178	2154	6168.0	714690.0	the l word	2004	the f word	2005.0	0
179	2155	4404.0	714690.0	the l word	2004	the f word	2005.0	0
180	2182	11.0	764060.0	the good shepherd	2006	the star shepherd	2011.0	0
181	2191	4020.0	298065.0	heavy petting	1989	heavy petting	1991.0	1
182	2192	3349.0	266686.0	garbage! the revolution starts at home	2007	garbage! the revolution starts at home	2007.0	1
183	2216	6190.0	649457.0	so you think you can dance canada	2008	so you think you can kill	2013.0	0
184	2223	6301.0	649457.0	so you think you can dance	 2009	so you think you can kill	2013.0	0
185	2232	4460.0	649457.0	so you think you can dance canada	2008	so you think you can kill	2013.0	0
186	2240	7017.0	649457.0	so you think you can dance canada	2008	so you think you can kill	2013.0	0
187	2242	2981.0	649457.0	so you think you can dance	 2010	so you think you can kill	2013.0	0
188	2247	5168.0	649457.0	so you think you can dance canada	2008	so you think you can kill	2013.0	0
189	2254	1423.0	649457.0	so you think you can dance canada	2008	so you think you can kill	2013.0	0
190	2269	1995.0	649457.0	so you think you can dance canada	2008	so you think you can kill	2013.0	0
191	2270	2924.0	528521.0	one last chance	2004	one last dance	2006.0	0
192	2300	1008.0	761412.0	the simpsons movie	2007	the simpsons ride	2008.0	0
193	2311	4247.0	701419.0	the doe boy	2001	the bus boy	2003.0	0
194	2320	2386.0	820006.0	valentines day	2010	valentines day	2014.0	1
195	2321	971.0	820006.0	valentines day	2010	valentines day	2014.0	1
196	2325	1610.0	312005.0	hope for steve	2014	hope for love	2013.0	0
197	2329	3622.0	733814.0	the lather effect	2006	the lazarus effect	2010.0	0
198	2356	2050.0	464667.0	medium	2005	medium	2007.0	0
199	2364	6071.0	527525.0	once upon a time	2011	once upon a mine	2015.0	0
200	2368	6329.0	731979.0	the last american virgin	1982	the last american virgin	1982.0	1
201	2370	3288.0	731979.0	the last american virgin	1982	the last american virgin	1982.0	1
202	2384	783.0	735290.0	the kill list	2007	the list	2005.0	0
203	2385	1045.0	513891.0	not a photograph: the mission of burma story	2006	not a photograph: the mission of burma story	2006.0	1
204	2391	763.0	265876.0	man of the year	2006	game of the year	2009.0	0
205	2393	6258.0	747781.0	the nanny diaries	2007	the pbr diaries	2012.0	0
206	2406	1839.0	110806.0	breaking the waves	1996	breaking the rules	1998.0	0
207	2418	4011.0	763421.0	the dark chronicles	2011	the spiderwick chronicles	2008.0	0
208	2420	5553.0	321621.0	i spill your guts	2012	i spill your guts	2012.0	1
209	2428	2943.0	399252.0	la mujer de mi vida	1998	la mujer de mi vida	2001.0	0
210	2472	1845.0	765793.0	things behind the sun	2001	the sun behind the blind	2006.0	0
211	2507	114.0	108924.0	boy eats girl	2005	boy meets girl	2007.0	0
212	2524	6719.0	337034.0	independent lens	1999	independent	1998.0	0
213	2526	5623.0	337034.0	independent lens	1999	independent	1998.0	0
214	2544	6071.0	527569.0	once upon a time	2011	once upon a time	2014.0	0
215	2545	7146.0	527569.0	once upon a time	2011	once upon a time	2014.0	0
216	2546	5156.0	744471.0	the social network	2010	the network	2015.0	0
217	2556	1714.0	848996.0	win win	2011	win	2012.0	0
218	2567	6773.0	48742.0	alpha and omega	 2005	alpha & omega	2003.0	0
219	2578	2991.0	669474.0	subterranean	2003	subterranean	1999.0	0
220	2579	3598.0	669474.0	subterranean	2003	subterranean	1999.0	0
221	2587	6184.0	834673.0	war dogs	2016	war dogs	2016.0	1
222	2594	4316.0	711880.0	the dream	 2003	the dream	2006.0	0
223	2595	879.0	711880.0	the dream	 2003	the dream	2006.0	0
224	2610	1953.0	731353.0	the kremlin letter	1970	the kremlin letter	1970.0	1
225	2625	2422.0	107594.0	born to win	1971	born to win	1971.0	1
226	2647	5371.0	506541.0	new orleans	1947	night in new orleans	1942.0	0
227	2658	6673.0	690055.0	sing sing thanksgiving	 1990	thanksgiving	1990.0	0
228	2662	6462.0	705110.0	the debt collector	1999	the collector	1997.0	0
229	2671	6071.0	527490.0	once upon a time	2011	once upon a crime	2009.0	0
230	2677	6849.0	187953.0	die antwort kennt nur der wind	1974	die antwort kennt nur der wind	1974.0	1
231	2683	509.0	579020.0	qualquer gato vira-lata	2011	qualquer gato vira-lata 2	2015.0	0
232	2685	6614.0	471461.0	middle of nowhere	2008	middle of nowhere	2010.0	0
233	2694	5955.0	719406.0	the crying game	1992	the game	1994.0	0
234	2741	3770.0	835786.0	wasting away	2007	wasting away	2007.0	1
235	2789	2783.0	854904.0	xanadu	1980	xanadu	1980.0	1
236	2808	763.0	546449.0	man of the year	2006	party of the year	2005.0	0
237	2813	5450.0	774448.0	the wendell baker story	2005	the wendell baker story	2005.0	1
238	2819	1519.0	111570.0	going the distance	2010	bridging the distance	2013.0	0
239	2853	7146.0	527616.0	once upon a time	2011	once upon a time in space	2016.0	0
240	2887	2485.0	833484.0	walk on boy	2012	walk on by	2014.0	0
241	2890	706.0	759331.0	the secret life of pets	2016	the secret life of marionettes	2013.0	0
242	2924	6291.0	616880.0	saturday night live	 2007	saturday night	2011.0	0
243	2935	1821.0	616880.0	saturday night live	 2010	saturday night	2011.0	0
244	2938	6443.0	616880.0	saturday night live	 2006	saturday night	2011.0	0
245	2945	5504.0	616880.0	saturday night live	 2009	saturday night	2011.0	0
246	2946	2442.0	616880.0	saturday night live	 2008	saturday night	2011.0	0
247	2990	6938.0	741479.0	call the midwife	2012	the midwife	2012.0	0
248	2991	550.0	741479.0	call the midwife	2012	the midwife	2012.0	0
249	3014	1134.0	839215.0	welcome to the 80s	2009	welcome to the zoo	2012.0	0
250	3019	3814.0	839215.0	welcome to the 80s	2009	welcome to the zoo	2012.0	0
251	3024	2414.0	839215.0	welcome to the 80s	2009	welcome to the zoo	2012.0	0
252	3039	5360.0	180562.0	der krieger und die kaiserin	2000	der krieger und die kaiserin	2000.0	1
253	3042	743.0	868131.0	zoom	2006	zoom	2007.0	0
254	3043	3323.0	639562.0	siete mesas de billar franc�s	2007	siete mesas de billar franc?s	2007.0	1
255	3058	4690.0	171081.0	dawn of the dead	2004	dawna of the dead	2008.0	0
256	3060	3027.0	720932.0	the boy with the hungry eyes	1970	the girl with the hungry eyes	1967.0	0
257	3063	5749.0	695121.0	the bag man	2014	the bad man	2015.0	0
258	3077	3713.0	515101.0	now & forever	2002	now & forever	2002.0	1
259	3086	2356.0	744743.0	the neighbors	 2009	the new neighbors	2009.0	0
260	3098	4309.0	47174.0	all the wilderness	2014	all the wilderness	2014.0	1
261	3111	452.0	441325.0	love and music	1971	love and music	1971.0	1
262	3119	3836.0	245597.0	fifty	1999	fifty	1999.0	1
263	3123	3215.0	774230.0	the wedding date	2005	the wedding	2001.0	0
264	3125	5800.0	774230.0	the wedding singer	1998	the wedding	2001.0	0
265	3127	2753.0	774230.0	the wedding tackle	2000	the wedding	2001.0	0
266	3128	4180.0	774230.0	the wedding singer	1998	the wedding	2001.0	0
267	3170	1300.0	762896.0	the soul of a man	2003	the soul of a man	2003.0	1
268	3178	2563.0	781782.0	threat	2006	threat	2010.0	0
269	3180	482.0	781782.0	threat	2006	threat	2010.0	0
270	3187	5448.0	633221.0	shes having a baby	1988	she's having a baby	1988.0	1
271	3241	6454.0	699139.0	the mindy project	2012	the body project	2011.0	0
272	3267	5933.0	774930.0	the whos tommy  the amazing journey	1993	the who's tommy  the amazing journey	1993.0	1
273	3293	2258.0	314216.0	house of 9	 2003	house of love	2000.0	0
274	3315	6583.0	512488.0	norbit	2007	norbit	2007.0	1
275	3343	2371.0	746776.0	the way	 1972	the only way	1970.0	0
276	3355	3639.0	206827.0	dumb and dumber to	2014	dumb and dumber to	2014.0	1
277	3356	4358.0	206827.0	dumb and dumber to	2014	dumb and dumber to	2014.0	1
278	3362	595.0	730706.0	the crying game	1992	the killing game	1988.0	0
279	3383	1135.0	389274.0	looking: the movie	2016	l: the movie	2013.0	0
280	3386	7210.0	677108.0	sydney	 2008	sydney	2011.0	0
281	3419	4360.0	314301.0	house of wax	2005	house of wong	2008.0	0
282	3428	6669.0	57569.0	angel	1999	angel	2004.0	0
283	3432	6071.0	527588.0	once upon a time	2011	once upon a time in detroit	2016.0	0
284	3434	4448.0	768522.0	the box	2009	the tin box	2013.0	0
285	3435	3549.0	95765.0	big mommas house	2000	big momma's house	2000.0	1
286	3483	2856.0	723127.0	the greatest	 2007	the greatest gift	2008.0	0
287	3519	6664.0	314217.0	house of 9	 2003	house of luk	2001.0	0
288	3520	2258.0	314217.0	house of 9	 2003	house of luk	2001.0	0
289	3529	5182.0	165744.0	dancing with the stars	2005	dancing with the pros	2005.0	0
290	3530	6402.0	165744.0	dancing with the stars	2005	dancing with the pros	2005.0	0
291	3532	433.0	165744.0	dancing with the stars	2005	dancing with the pros	2005.0	0
292	3533	3025.0	165744.0	dancing with the stars	2004	dancing with the pros	2005.0	0
293	3543	6502.0	763131.0	this space between us	1999	the space between us	2003.0	0
294	3578	6209.0	508992.0	control	2007	no control	2011.0	0
295	3580	455.0	508992.0	control	2007	no control	2011.0	0
296	3582	6854.0	745524.0	the affair	2014	the nobistor affair	2017.0	0
297	3583	4396.0	745524.0	the affair	2014	the nobistor affair	2017.0	0
298	3585	5690.0	839145.0	welcome to the 80s	2009	welcome to the bubs	2013.0	0
299	3586	1134.0	839145.0	welcome to the 80s	2009	welcome to the bubs	2013.0	0
300	3591	3814.0	839145.0	welcome to the 80s	2009	welcome to the bubs	2013.0	0
301	3592	4370.0	839145.0	welcome to the rileys	2010	welcome to the bubs	2013.0	0
302	3593	1817.0	839145.0	welcome to the 80s	2009	welcome to the bubs	2013.0	0
303	3597	5001.0	839145.0	welcome to the 80s	2009	welcome to the bubs	2013.0	0
304	3615	4496.0	667907.0	strike!	1998	strike!	2001.0	1
305	3619	6880.0	411119.0	le premier cercle	2009	le cercle	2012.0	0
306	3622	6669.0	57561.0	angel	 1981	angel	1982.0	0
307	3630	2598.0	697321.0	the big empty	2005	the big city	2010.0	0
308	3648	3023.0	850992.0	without limits	1998	without limits	1998.0	1
309	3716	6802.0	189807.0	die schlikkerfrauen	2014	die schlikkerfrauen	2014.0	1
310	3732	5773.0	757066.0	the roommate	2011	the roommate (ii)	2010.0	0
311	3733	2832.0	757066.0	the roommate	 2009	the roommate (ii)	2010.0	0
312	3734	4559.0	757066.0	the roommate	2011	the roommate (ii)	2010.0	0
313	3739	2650.0	763545.0	the spirit of 76	1990	the spirit of pushkin	1994.0	0
314	3743	7092.0	743503.0	the hunter	2011	the mushroom hunter	2013.0	0
315	3751	7167.0	86882.0	beautiful  beautiful	2011	beautiful ink	2016.0	0
316	3754	1342.0	538405.0	p.o.v.	 2003	p.o.v.	2000.0	0
317	3777	771.0	485676.0	baseball	1994	mr. baseball	1992.0	0
318	3789	6947.0	689455.0	the texas chainsaw massacre	2003	texas political chainsaw massacre	2002.0	0
319	3797	7167.0	791017.0	beautiful  beautiful	2011	too beautiful	2016.0	0
320	3828	6005.0	766304.0	the coming thing	1970	the swing thing	1972.0	0
321	3837	6492.0	743978.0	the l word	 2006	the n word	2011.0	0
322	3845	2856.0	723188.0	the greatest	2009	the greatest song	2009.0	0
323	3886	5156.0	762473.0	the social network	2010	the social suicide network	2011.0	0
324	3887	5993.0	184062.0	desperado	1995	desperado	1995.0	1
325	3901	1268.0	86540.0	the heat	2013	beat the heat	2015.0	0
326	3905	162.0	260256.0	friends with kids	2011	friends with benefits	2011.0	0
327	3918	719.0	335454.0	in the land of women	2007	in the land of g-d	2009.0	0
328	3922	3739.0	867896.0	zombified 3d	2016	zombified 3d	2016.0	1
329	3930	3604.0	491715.0	my father the hero	1994	my father the hero	1994.0	1
330	3934	660.0	165397.0	dance with me	1998	dance with me	2003.0	0
331	3949	331.0	527631.0	once upon a time in the midlands	2002	once upon a time in the cia	2007.0	0
332	3950	7146.0	527631.0	once upon a time	2011	once upon a time in the cia	2007.0	0
333	3951	6071.0	527631.0	once upon a time	2011	once upon a time in the cia	2007.0	0
334	3965	1366.0	834537.0	wanted: dead or alive	1987	wanted: dead or alive	1984.0	0
335	4000	588.0	293526.0	harry brown	2009	harry brown	2009.0	1
336	4003	3931.0	255190.0	forever	2014	forever after	2015.0	0
337	4033	7260.0	846544.0	whole new thing	2005	whole new thing	2005.0	1
338	4037	6004.0	733170.0	the last stand	2013	the last stop	2013.0	0
339	4044	2605.0	758556.0	the school of rock	2003	the school of rock	2003.0	1
340	4046	1377.0	758556.0	the school of rock	2003	the school of rock	2003.0	1
341	4057	5395.0	849840.0	winter meeting	1948	winter meeting	1948.0	1
342	4059	6071.0	527506.0	once upon a time	2011	once upon a hill	2010.0	0
343	4075	3617.0	412723.0	le ciel est � nous	1997	le ciel est ? nous	1997.0	0
344	4076	926.0	412723.0	le ciel est � nous	1997	le ciel est ? nous	1997.0	0
345	4099	6124.0	424749.0	forget me not	 2006	let me not	2007.0	0
346	4130	595.0	763203.0	the crying game	1992	the spanking game	1993.0	0
347	4131	139.0	763203.0	the crying game	1992	the spanking game	1993.0	0
348	4155	7232.0	612108.0	salsa	1976	salsa	1976.0	1
349	4162	864.0	110758.0	breaking the waves	1996	breaking the bank	2000.0	0
350	4163	2432.0	110758.0	breaking the waves	1996	breaking the bank	2000.0	0
351	4177	4865.0	797599.0	trick r treat	2007	trick or treat	2007.0	1
352	4202	2987.0	401052.0	la linea	2009	la prima linea	2009.0	0
353	4218	4832.0	121699.0	cama de gato	2009	cama de gato	2012.0	0
354	4223	4180.0	774285.0	the wedding singer	1998	the wedding singer	1998.0	1
355	4225	2445.0	294676.0	the tell-tale heart	 2005	haunted poe: the tell-tale heart	2009.0	0
356	4231	4034.0	820193.0	valley girl	1983	valley girl	1983.0	1
357	4241	1658.0	377340.0	knockout	 2002	knockout	2007.0	0
358	4267	2860.0	778213.0	thelma & louise	1991	thelma & louise	1991.0	1
359	4272	874.0	761471.0	the singing detective	2003	the singing detective	2003.0	1
360	4273	934.0	761471.0	the singing detective	2003	the singing detective	2003.0	1
361	4281	6170.0	764277.0	the stepfather	2009	the stepfather	2009.0	1
362	4284	3864.0	845394.0	white men cant jump	1992	white men can't jump	1992.0	1
363	4285	2905.0	845394.0	white men cant jump	1992	white men can't jump	1992.0	1
364	4286	5158.0	631664.0	shameless	2011	shameless	2016.0	0
365	4288	3707.0	631664.0	shameless	2011	shameless	2016.0	0
366	4300	5796.0	540878.0	pale blood	1990	pale blood	1990.0	1
367	4325	6375.0	482962.0	morning light	2008	morning light	2010.0	0
368	4336	449.0	576351.0	punks dead: slc punk 2	2016	punk's dead: slc punk 2	2016.0	1
369	4344	7092.0	708010.0	the hunter	2011	the dakota hunter	2011.0	0
370	4361	5174.0	838957.0	welcome to me	2014	welcome to ebensee	2014.0	0
371	4368	2669.0	715647.0	the fast and the furious	2001	the fast and the furious	2001.0	1
372	4377	5163.0	300352.0	the rainmaker	 1952	henry  the rainmaker	1949.0	0
373	4380	2886.0	244771.0	festival n�mero 19	1966	festival n?mero 19	1966.0	1
374	4399	6778.0	670569.0	suicide kings	1997	suicide kings	1997.0	1
375	4417	2193.0	515144.0	now is good	2012	now is good	2012.0	1
376	4428	814.0	442309.0	bored to death	2009	loved to death	2007.0	0
377	4430	7038.0	259871.0	frida	2002	frida	2001.0	0
378	4444	7167.0	86948.0	beautiful  beautiful	2011	beautiful phil	2011.0	0
379	4445	6154.0	248407.0	fireproof	2008	fireproof	2013.0	0
380	4450	4566.0	449034.0	made to order	1979	made to order	1979.0	1
381	4479	4272.0	820005.0	valentines day	2010	valentines day	2007.0	0
382	4482	971.0	820005.0	valentines day	2010	valentines day	2007.0	0
383	4496	2232.0	692958.0	american nightmare	2002	the american nightmare	2000.0	0
384	4512	1741.0	362857.0	kaboom	 2009	kaboom	2008.0	0
385	4513	5413.0	139820.0	chun gwong cha sit	1997	chun gwong cha sit	1997.0	1
386	4533	7167.0	86923.0	beautiful  beautiful	2011	beautiful mum	2014.0	0
387	4547	7247.0	492914.0	my name is earl	2005	my name is naji	2010.0	0
388	4551	412.0	492914.0	my name is earl	2005	my name is naji	2010.0	0
389	4559	3347.0	269754.0	gentlemen broncos	2009	gentlemen broncos	2009.0	1
390	4560	6455.0	269754.0	gentlemen broncos	2009	gentlemen broncos	2009.0	1
391	4566	3505.0	673902.0	surfacing	2015	surfacing	2016.0	0
392	4596	4295.0	760301.0	the swing of things	 1996	the shape of things	2001.0	0
393	4618	225.0	722282.0	the grand	2007	the grand theft	2011.0	0
394	4621	7146.0	527625.0	once upon a time	2011	once upon a time in venice	2016.0	0
395	4622	6071.0	527625.0	once upon a time	2011	once upon a time in venice	2016.0	0
396	4633	6581.0	725129.0	the soul of a man	 1964	the heart of a man	1959.0	0
397	4648	87.0	8526.0	90 minutes in heaven	2015	7 minutes in heaven	2011.0	0
398	4649	6299.0	8526.0	90 minutes in heaven	2015	7 minutes in heaven	2011.0	0
399	4704	5055.0	301614.0	here i am	2011	here i am	2012.0	0
